"","Gene","Score"
"1","SPON2",0.271016
"2","CMC1",0.227963
"3","KLRD1",0.192876
"4","FGFBP2",0.187068
"5","CCL5",0.182684
"6","CTSW",0.151486
"7","FCGR3A",0.120577
"8","SPTSSB",0.107153
"9","CST7",0.09777
"10","KLRC1",0.079517
"11","CD247",0.054879
"12","GZMH",0.04825
"13","PRF1",0.037139
"14","TRBC1",-0.0011
"15","XCL1",-0.025516
"16","GZMK",-0.032762
"17","GPR183",-0.049319
"18","CCL4",-0.049761
"19","XCL2",-0.051241
"20","SELL",-0.094767
"21","GZMB",-0.187362
