"","Gene","Score"
"1","KLRD1",0.381889
"2","FCGR3A",0.318755
"3","XCL1",0.305686
"4","CTSW",0.282486
"5","TRBC1",0.266337
"6","XCL2",0.246735
"7","CST7",0.24558
"8","CCL5",0.238094
"9","CD247",0.208759
"10","SPTSSB",0.19182
"11","PRF1",0.189337
"12","CMC1",0.180374
"13","SPON2",0.165089
"14","FGFBP2",0.151463
"15","CCL4",0.146796
"16","GZMH",0.11485
"17","GZMB",0.1034
"18","SELL",0.095256
"19","GZMK",0.069501
"20","GPR183",0.037211
"21","KLRC1",-0.076147
