"","Gene","Score"
"1","XCL1",0.548291
"2","XCL2",0.54174
"3","SELL",0.525931
"4","GZMK",0.494347
"5","GPR183",0.45429
"6","KLRC1",0.339376
"7","SPTSSB",0.233397
"8","KLRD1",0.231267
"9","PRF1",0.217041
"10","CTSW",0.188422
"11","CCL4",0.064065
"12","GZMB",0.055406
"13","FCGR3A",-0.034919
"14","CST7",-0.072079
"15","SPON2",-0.078025
"16","CMC1",-0.181744
"17","CD247",-0.187867
"18","TRBC1",-0.19241
"19","CCL5",-0.221526
"20","GZMH",-0.299808
"21","FGFBP2",-0.382735
