"","Gene","Score"
"1","GZMK",0.383726
"2","SELL",0.371877
"3","XCL1",0.293212
"4","XCL2",0.293212
"5","KLRD1",0.286129
"6","PRF1",0.266742
"7","GPR183",0.244547
"8","CCL5",0.239608
"9","SPTSSB",0.21545
"10","SPON2",0.207098
"11","KLRC1",0.20033
"12","TRBC1",0.172319
"13","CST7",0.150974
"14","GZMB",0.143818
"15","FCGR3A",0.141696
"16","FGFBP2",0.10811
"17","CCL4",0.037522
"18","CTSW",0.025595
"19","CD247",0.018055
"20","GZMH",0.007514
"21","CMC1",-0.023587
