"","Gene","Score"
"1","SELL",0.579681
"2","GZMK",0.432524
"3","XCL1",0.394168
"4","XCL2",0.394168
"5","GPR183",0.362327
"6","KLRD1",0.221508
"7","PRF1",0.167433
"8","KLRC1",0.147184
"9","SPTSSB",0.144339
"10","GZMB",0.063916
"11","SPON2",0.053804
"12","CTSW",-0.015299
"13","CCL4",-0.047613
"14","CMC1",-0.111802
"15","CST7",-0.116287
"16","CD247",-0.12893
"17","FCGR3A",-0.134627
"18","FGFBP2",-0.172745
"19","CCL5",-0.217619
"20","TRBC1",-0.225673
"21","GZMH",-0.249166
