"","Gene","Score"
"1","SELL",0.452229
"2","GPR183",0.452175
"3","GZMK",0.388449
"4","XCL1",0.306274
"5","XCL2",0.306274
"6","KLRD1",0.242688
"7","KLRC1",0.234006
"8","SPTSSB",0.136993
"9","CTSW",0.081287
"10","PRF1",0.080061
"11","GZMB",-0.026924
"12","CCL4",-0.047515
"13","SPON2",-0.068563
"14","FCGR3A",-0.082771
"15","CD247",-0.10309
"16","CMC1",-0.138719
"17","CCL5",-0.151852
"18","GZMH",-0.19739
"19","CST7",-0.229171
"20","TRBC1",-0.253547
"21","FGFBP2",-0.28575
