"","Gene","Score"
"1","PRF1",0.625523
"2","CST7",0.576376
"3","CTSW",0.572534
"4","FCGR3A",0.537543
"5","CD247",0.532061
"6","KLRD1",0.517879
"7","GZMB",0.506933
"8","TRBC1",0.493753
"9","CCL4",0.472915
"10","SPON2",0.455773
"11","CCL5",0.307857
"12","FGFBP2",0.243859
"13","GZMH",0.190526
"14","XCL1",0.171971
"15","XCL2",0.140242
"16","CMC1",0.084426
"17","KLRC1",-0.135255
"18","SELL",-0.188363
"19","SPTSSB",-0.196178
"20","GZMK",-0.237575
"21","GPR183",-0.354623
