"","Gene","Score"
"1","CCL4",0.398662
"2","GZMB",0.387641
"3","FCGR3A",0.365949
"4","CST7",0.360634
"5","PRF1",0.326581
"6","CD247",0.29083
"7","FGFBP2",0.207712
"8","GZMH",0.205393
"9","XCL1",0.195399
"10","TRBC1",0.177739
"11","XCL2",0.166172
"12","SPON2",0.15121
"13","GPR183",0.131044
"14","KLRD1",0.104492
"15","CCL5",0.094651
"16","CTSW",0.092639
"17","SELL",0.051661
"18","SPTSSB",0.046156
"19","KLRC1",-0.018523
"20","GZMK",-0.075185
"21","CMC1",-0.258051
