"","Gene","Score"
"1","CST7",0.526924
"2","FGFBP2",0.504477
"3","CD247",0.471938
"4","FCGR3A",0.47035
"5","KLRD1",0.448721
"6","SPON2",0.434838
"7","GZMH",0.434336
"8","PRF1",0.362009
"9","CCL4",0.361067
"10","TRBC1",0.360352
"11","CCL5",0.359233
"12","CMC1",0.228027
"13","GZMB",0.20427
"14","CTSW",0.121299
"15","SPTSSB",-0.009487
"16","SELL",-0.047722
"17","XCL1",-0.101573
"18","XCL2",-0.101573
"19","GPR183",-0.236615
"20","GZMK",-0.321043
"21","KLRC1",-0.338837
